epochs,accuracy
1.0,0.658751696065129
5.0,0.7008141112618724
