epochs,accuracy
1.0,0.628561736770692
5.0,0.6770691994572592
10.0,0.7123473541383989
20.0,0.7306648575305291
40.0,0.7313432835820896
80.0,0.7004748982360922
