epochs,epochs_number,loss
1.0,,0.07920219021486176
5.0,,0.07665485274951171
5.0,,0.07636490093739652
5.0,,0.07543053955281671
5.0,,0.0754572093382794
5.0,,0.07399409535354776
